{"s": ["lambda", "lambda", "ec2", "ec2", "ec2", "lambda", "ec2", "lambda", "lambda"], "r": [2, 2, 2, 2, 1, 2, 1, 1, 1], "h": [100, 100, 100, 100, 100, 100, 30, 30, 100], "d": [3000, 3000, 1500, 1500, 1000, 3500, 500, 1000, 100], "t": [0, 0, 1, 1, 0, 1, 0, 1, 0], "p": [5, 5, 3, 3, 7, 2, 3, 2, 2], "profit_loss": [-396.0201416015625, -396.0201416015625, -139.75973510742188, -139.75973510742188, -530.6601257324219, -138.39968872070312, -163.0900115966797, -63.79988098144531, -71.62017822265625], "av95": [-0.05085039369622049, -0.05085039369622049, -0.04515944708866396, -0.04515944708866396, -0.05107973926538139, -0.04502437919189869, -0.05289870253316876, -0.04338164448181327, -0.050944363873713504], "av99": [-0.07215373028183082, -0.07215373028183082, -0.06367531746536513, -0.06367531746536513, -0.07234887291814032, -0.0639119787531944, -0.07542952671395503, -0.06238213035090455, -0.07327619688539795], "time": [15.86621642112732, 15.86621642112732, 58.7342963218689, 58.7342963218689, 49.11849665641785, 20.51904845237732, 61.90365672111511, 12.503738641738892, 11.405392408370972], "cost": [0.003543455000718435, 0.003543455000718435, 0.000391561975479126, 0.000391561975479126, 0.0001637283221880595, 0.004582587487697602, 0.00020634552240371705, 0.0027925016299883525, 0.0025472043045361836]}